2025-10-14 18:51:17,anwar,20.0,1.0,0.0,130.0,200.0,0.0,0.0,79.0,0.0,3.0,0.0,1.0,0.0,low,77.48,"Good news: Low-Risk Maintenance. Eat whole grains, fruits, vegetables, and lean proteins like chicken or beans. Limit salt to less than one teaspoon per day and avoid butter or red meat. Stay active: walk 30 minutes, five days a week. Avoid smoking and manage stress with deep breathing or meditation. Get an annual heart check-up."
2025-10-14 18:56:29,basha,87.0,1.0,3.0,200.0,550.0,1.0,2.0,89.0,1.0,5.0,2.0,3.0,2.0,low,71.19,"Good news: Low-Risk Maintenance. Eat whole grains, fruits, vegetables, and lean proteins like chicken or beans. Limit salt to less than one teaspoon per day and avoid butter or red meat. Stay active: walk 30 minutes, five days a week. Avoid smoking and manage stress with deep breathing or meditation. Get an annual heart check-up."
2025-10-14 18:57:42,random,99.0,0.0,3.0,180.0,300.0,0.0,2.0,90.0,1.0,5.0,1.0,2.0,3.0,low,73.29,"Good news: Low-Risk Maintenance. Eat whole grains, fruits, vegetables, and lean proteins like chicken or beans. Limit salt to less than one teaspoon per day and avoid butter or red meat. Stay active: walk 30 minutes, five days a week. Avoid smoking and manage stress with deep breathing or meditation. Get an annual heart check-up."
2025-10-14 19:04:46,anwar,20.0,1.0,0.0,130.0,500.0,1.0,1.0,90.0,1.0,5.0,2.0,2.0,1.0,low,92.88,"Good news: Low-risk profile at age 20.0. Eat: berries, walnuts, and whole grains. Avoid: trans fats and excess salt. Aim for 150 minutes of moderate exercise weekly. Continue annual heart check-ups."
2025-10-14 19:07:13,poio,63.0,1.0,0.0,160.0,300.0,1.0,2.0,110.0,1.0,4.0,0.0,2.0,2.0,low,97.98,"Good news: Low-risk profile at age 63.0. Eat: berries, walnuts, and whole grains. Avoid: trans fats and excess salt. Aim for 150 minutes of moderate exercise weekly. Continue annual heart check-ups."
2025-10-14 19:17:19,pikachu,63.0,1.0,0.0,160.0,300.0,1.0,2.0,110.0,1.0,4.0,0.0,2.0,2.0,low,95.64,"Good news: Low-risk profile at age 63. Eat: berries, walnuts, and whole grains. Avoid: trans fats and excess salt. Aim for 150 minutes of moderate exercise weekly. Continue annual heart check-ups."
2025-10-14 19:23:19,dora,63.0,1.0,0.0,160.0,300.0,1.0,2.0,110.0,1.0,4.0,0.0,2.0,2.0,high,99.0,"Warning: High-risk patient. Eat: oats, salmon, spinach. Avoid: processed meats and sugary drinks. Consult a cardiologist immediately. Do not start exercise without medical clearance."
2025-10-14 19:25:42,bujji,45.0,1.0,2.0,130.0,250.0,0.0,0.0,170.0,0.0,0.0,2.0,0.0,3.0,high,84.33,"Warning: High-risk patient. Eat: oats, salmon, spinach. Avoid: processed meats and sugary drinks. Consult a cardiologist immediately. Do not start exercise without medical clearance."
2025-10-14 19:33:21,heman,45.0,1.0,2.0,130.0,250.0,0.0,0.0,170.0,0.0,0.0,2.0,0.0,1.0,high,96.51,"Warning: High-risk patient. Eat oats, salmon, and leafy greens. Avoid processed meats and sugary drinks. Consult a cardiologist."
2025-10-14 19:37:50,low,47.0,1.0,2.0,108.0,243.0,0.0,1.0,152.0,0.0,0.0,2.0,0.0,2.0,high,52.55,"Warning: High-risk patient. Eat oats, salmon, and leafy greens. Avoid processed meats and sugary drinks. Consult a cardiologist."
2025-10-14 20:09:09,ninja,63.0,1.0,0.0,160.0,300.0,1.0,4.0,0.0,2.0,2.0,1.0,2.0,1.0,low,92.0,"Good news: Low-risk profile. Eat: berries, walnuts, whole grains. Avoid: trans fats and excess salt. Walk 30 minutes daily and get annual heart check-ups."
2025-10-14 20:12:41,hatori,63.0,1.0,0.0,160.0,300.0,1.0,2.0,110.0,1.0,4.0,0.0,2.0,2.0,low,94.4,"Good news: Low-risk profile. Eat: berries, walnuts, whole grains. Avoid: trans fats and excess salt. Walk 30 minutes daily and get annual heart check-ups."
2025-10-14 20:17:04,sikamaru,47.0,1.0,2.0,150.0,300.0,1.0,1.0,102.0,1.0,5.0,0.0,1.0,2.0,low,71.02,"Good news: Low-risk. Eat: berries, nuts, whole grains. Avoid: trans fats and excess salt. Walk 30 minutes daily and get annual check-ups."
2025-10-14 20:17:27,sikamaru,2.0,1.0,2.0,150.0,300.0,1.0,1.0,102.0,1.0,5.0,0.0,1.0,2.0,low,66.22,"Good news: Low-risk. Eat: berries, nuts, whole grains. Avoid: trans fats and excess salt. Walk 30 minutes daily and get annual check-ups."
2025-10-14 20:17:28,sikamaru,2.0,1.0,2.0,150.0,300.0,1.0,1.0,102.0,1.0,5.0,0.0,1.0,2.0,low,66.22,"Good news: Low-risk. Eat: berries, nuts, whole grains. Avoid: trans fats and excess salt. Walk 30 minutes daily and get annual check-ups."
2025-10-14 20:17:32,sikamaru,2.0,1.0,2.0,150.0,300.0,1.0,1.0,102.0,1.0,5.0,0.0,1.0,2.0,low,66.22,"Good news: Low-risk. Eat: berries, nuts, whole grains. Avoid: trans fats and excess salt. Walk 30 minutes daily and get annual check-ups."
2025-10-14 20:17:36,sikamaru,2.0,1.0,2.0,150.0,300.0,1.0,1.0,102.0,1.0,5.0,0.0,1.0,2.0,low,66.22,"Good news: Low-risk. Eat: berries, nuts, whole grains. Avoid: trans fats and excess salt. Walk 30 minutes daily and get annual check-ups."
2025-10-14 20:24:35,neji,55.0,1.0,3.0,180.0,300.0,1.0,1.0,99.0,1.0,4.0,1.0,1.0,2.0,low,76.0,"AI advice temporarily unavailable: 404 models/gemini-1.5-flash is not found for API version v1beta, or is not supported for generateContent. Call ListModels to see the list of available models and their supported methods."
2025-10-14 20:26:31,gara,64.0,1.0,2.0,550.0,500.0,1.0,1.0,99.0,1.0,5.0,1.0,2.0,2.0,low,79.2,"AI advice temporarily unavailable: 404 models/gemini-1.5-flash is not found for API version v1beta, or is not supported for generateContent. Call ListModels to see the list of available models and their supported methods."
2025-10-14 20:31:46,ajju,30.0,1.0,1.0,180.0,300.0,0.0,1.0,100.0,1.0,4.0,1.0,1.0,1.0,low,77.2,"AI advice temporarily unavailable: 404 models/gemini-1.5-flash is not found for API version v1beta, or is not supported for generateContent. Call ListModels to see the list of available models and their supported methods."
2025-10-14 20:34:48,myself,55.0,2.0,2.0,150.0,500.0,1.0,2.0,100.0,1.0,5.0,1.0,2.0,2.0,low,79.6,"Good news: Low-risk profile. Eat: berries, walnuts, whole grains. Avoid: trans fats and excess salt. Walk 30 minutes daily and get annual heart check-ups."
"2025-10-14 20:56:43","huppa","66.0","1.0","2.0","150.0","266.0","0.0","1.0","110.0","1.0","2.0","1.0","2.0","1.0","low","84.66","Good news: Low-Risk Maintenance. Eat whole grains, fruits, vegetables, and lean proteins like chicken or beans. Limit salt to less than one teaspoon per day and avoid butter or red meat. Stay active: walk 30 minutes, five days a week. Avoid smoking and manage stress with deep breathing or meditation. Get an annual heart check-up."
"2025-10-14 22:00:44","akandha","98.0","1.0","1.0","150.0","222.0","1.0","0.0","99.0","1.0","5.0","0.0","1.0","1.0","low","75.13","Good news: Low-Risk Maintenance. Eat whole grains, fruits, vegetables, and lean proteins like chicken or beans. Limit salt to less than one teaspoon per day and avoid butter or red meat. Stay active: walk 30 minutes, five days a week. Avoid smoking and manage stress with deep breathing or meditation. Get an annual heart check-up."
"2025-10-14 22:35:59","anwar","22.0","1.0","2.0","180.0","0.0","1.0","1.0","99.0","1.0","3.0","1.0","2.0","1.0","low","28.25","Good news: Low-Risk Maintenance. Eat whole grains, fruits, vegetables, and lean proteins like chicken or beans. Limit salt to less than one teaspoon per day and avoid butter or red meat. Stay active: walk 30 minutes, five days a week. Avoid smoking and manage stress with deep breathing or meditation. Get an annual heart check-up."
"2025-10-14 22:48:03","jama","88.0","0.0","1.0","150.0","500.0","1.0","1.0","120.0","1.0","5.0","2.0","2.0","3.0","low","29.14","Good news: Low-Risk Maintenance. Eat whole grains, fruits, vegetables, and lean proteins like chicken or beans. Limit salt to less than one teaspoon per day and avoid butter or red meat. Stay active: walk 30 minutes, five days a week. Avoid smoking and manage stress with deep breathing or meditation. Get an annual heart check-up."
"2025-10-14 22:56:13","rama","90.0","0.0","2.0","106.0","150.0","1.0","2.0","166.0","0.0","5.0","1.0","2.0","1.0","moderate","58.94","Caution: Moderate-Risk Recommendations. See your doctor within 1â€“2 weeks for evaluation. Eat: Avocados, lentils, almonds, berries, and olive oil. Avoid: White bread, pastries, and salty snacks. Start light exercise like walking 20 minutes daily. Reduce stress with meditation or yoga."
"2025-10-15 12:02:30","chitti","19.0","0.0","2.0","100.0","300.0","111.0","1.0","120.0","1.0","23.0","1.0","1.0","1.0","low","29.71","Good news: Low-Risk Maintenance. Eat whole grains, fruits, vegetables, and lean proteins like chicken or beans. Limit salt to less than one teaspoon per day and avoid butter or red meat. Stay active: walk 30 minutes, five days a week. Avoid smoking and manage stress with deep breathing or meditation. Get an annual heart check-up."
"2025-10-15 13:43:28","vishnu","20.0","1.0","1.0","120.0","200.0","0.0","1.0","75.0","1.0","2.0","1.0","1.0","1.0","low","28.43","Good news: Low-Risk Maintenance. Eat whole grains, fruits, vegetables, and lean proteins like chicken or beans. Limit salt to less than one teaspoon per day and avoid butter or red meat. Stay active: walk 30 minutes, five days a week. Avoid smoking and manage stress with deep breathing or meditation. Get an annual heart check-up."
